{"0": [272.97297297297297, 249, 1084, 1212, 1256, 1383, 1507, 1608, 1839, 1933, 2194, 2781, 3212, 3383, 3566, 3584, 4130], "1": [266.25, 511, 1278, 1588, 1824, 1962, 2798, 3122, 3382, 3546], "2": [193.0084745762712, 38, 864, 1019, 1102, 1148, 1483, 1611, 2029, 2395, 2877, 2951, 3738, 3827, 4139], "3": [176.5, 438, 818, 843, 1150, 1924, 2695, 3150, 3684, 4031], "4": [53.254847645429365, 154, 596, 623, 705, 1186, 1189, 1229, 2313, 2460, 2903, 2965, 3192, 3333]}