{"0": [272.4099099099099, 249, 1212, 1256, 1383, 1507, 1608, 1839, 1933, 2194, 2781, 3212, 3383, 3566, 3584], "1": [176.5, 438, 818, 843, 1150, 1924, 2695, 3150, 3684, 4031], "2": [135.8016304347826, 26, 39, 42, 43, 55, 62, 65, 134, 138, 142, 213, 216, 247, 270, 309, 319, 333, 346, 349, 379, 413, 427, 501, 537, 575, 597, 600, 647, 655, 657, 685, 699, 721, 790, 803, 812, 854, 928, 977, 1058, 1069, 1090, 1096, 1111, 1122, 1145, 1216, 1271, 1317, 1319, 1351, 1362, 1442, 1471, 1483, 1501, 1535, 1536, 1551, 1607, 1642, 1662, 1716, 1793, 1815, 1831, 1936, 1942, 1980, 1982, 2050, 2054, 2095, 2110, 2141, 2171, 2172, 2278, 2279, 2332, 2342, 2359, 2482, 2509, 2523, 2583, 2619, 2652, 2727, 2741, 2750, 2826, 2872, 2930, 3004, 3039, 3103, 3120, 3193, 3237, 3259, 3301, 3370, 3381, 3396, 3408, 3414, 3429, 3475, 3481, 3506, 3547, 3581, 3594, 3709, 3749, 3780, 3782, 3800, 3809, 3835, 3836, 3846, 3852, 3890, 3900, 3916, 4140, 4189, 4194, 4206, 4227], "3": [82.17299578059071, 86, 154, 596, 623, 1189, 1229, 2313, 2460, 2858, 2903, 3061, 3192, 3333, 3462, 3728], "4": [38.28125, 68, 105, 632, 832, 1050, 1797, 2468, 2707, 2808, 3075, 3321, 3567]}