{"0": [272.4099099099099, 249, 1212, 1256, 1383, 1507, 1608, 1839, 1933, 2194, 2781, 3212, 3383, 3566, 3584], "1": [176.5, 438, 818, 843, 1150, 1924, 2695, 3150, 3684, 4031], "2": [136.96646341463415, 1148, 1466, 1483, 1549, 2317, 2395, 2405, 2501, 2584, 2842, 3414, 3834, 4033], "3": [49.37673130193906, 86, 154, 447, 596, 705, 834, 1186, 1189, 1229, 1571, 2313, 2460, 2858, 2903, 2965, 3192, 3333, 3462], "4": [33.700980392156865, 33, 77, 205, 1050, 1206, 1236, 1881, 1935, 1983, 2093, 2319, 2350, 2355, 2823, 2945, 2948, 3024, 3072, 3554, 3562, 3626, 3913, 3921, 4017], "5": [165, 1278, 1372, 1824, 1962, 2447, 2798, 3122, 3382, 3546], "6": [16, 23, 26, 39, 51, 62, 65, 75, 177, 187, 196, 213, 216, 319, 321, 333, 346, 379, 410, 413, 417, 451, 473, 587, 600, 619, 657, 680, 699, 720, 721, 758, 812, 841, 885, 908, 928, 984, 1026, 1091, 1096, 1111, 1113, 1145, 1167, 1216, 1225, 1279, 1439, 1442, 1501, 1529, 1564, 1638, 1653, 1814, 1815, 1851, 1925, 1936, 1980, 2050, 2064, 2067, 2081, 2095, 2141, 2190, 2197, 2340, 2482, 2516, 2520, 2563, 2614, 2629, 2652, 2661, 2670, 2727, 2741, 2872, 2930, 2938, 2998, 3103, 3120, 3370, 3381, 3396, 3429, 3581, 3594, 3640, 3708, 3749, 3768, 3780, 3798, 3803, 3809, 3815, 3835, 3852, 3900, 3929, 3952, 3980, 3989, 4091, 4098, 4127, 4151, 4194, 4219, 4227, 4276, 4288, 4304, 4306], "7": [269, 347, 509, 512, 536, 636, 686, 990, 1048, 1061, 1182, 1235, 1290, 1312, 1348, 1349, 1375, 1434, 1441, 1510, 1525, 1584, 1625, 1731, 1799, 1871, 1892, 1894, 1917, 1963, 1993, 2098, 2128, 2269, 2310, 2432, 2499, 2656, 2740, 3025, 3060, 3091, 3260, 3289, 3296, 3354, 3358, 3363, 3368, 3385, 3447, 3448, 3488, 3490, 3496, 3687, 3818, 3908, 3968, 3974, 4058, 4093, 4095, 4182, 4197, 4220, 4271, 4273, 4283]}