{"0": [272.4099099099099, 249, 1212, 1256, 1383, 1507, 1608, 1839, 1933, 2194, 2781, 3212, 3383, 3566, 3584], "1": [176.5, 438, 818, 843, 1150, 1924, 2695, 3150, 3684, 4031], "2": [150.92905405405406, 1483, 1549, 2501, 2626, 2842, 3414, 4033, 4160], "3": [48.89196675900277, 154, 596, 705, 1186, 1189, 1229, 1571, 2313, 2460, 2903, 2965, 3192, 3333], "4": [33.700980392156865, 33, 77, 205, 1050, 1206, 1236, 1881, 1935, 1983, 2093, 2319, 2350, 2355, 2823, 2945, 2948, 3024, 3072, 3554, 3562, 3626, 3913, 3921, 4017]}