{"0": [272.52252252252254, 249, 1212, 1256, 1383, 1507, 1608, 1839, 1933, 2194, 2781, 3212, 3383, 3566, 3584, 4130], "1": [176.5, 438, 818, 843, 1150, 1924, 2695, 3150, 3684, 4031], "2": [137.4237804878049, 1019, 1148, 1459, 1483, 1611, 2317, 2395, 2405, 2501, 2584, 2842, 3414, 4033], "3": [51.38483965014577, 150, 154, 596, 705, 1144, 1186, 1502, 2313, 2965, 2978, 3192, 3333], "4": [36.02272727272727, 33, 77, 98, 205, 832, 1050, 1089, 1206, 1236, 1881, 1935, 1983, 2093, 2319, 2350, 2355, 2808, 2823, 2945, 2948, 3024, 3072, 3075, 3321, 3554, 3562, 3567, 3626, 3913, 3921, 4017]}