{"0": [272.97297297297297, 249, 1084, 1212, 1256, 1383, 1507, 1608, 1839, 1933, 2194, 2781, 3212, 3383, 3566, 3584, 4130], "1": [177.58333333333334, 240, 438, 818, 843, 1000, 1150, 1924, 2131, 2695, 3150, 3684, 4031], "2": [137.46612466124662, 23, 24, 26, 39, 55, 62, 65, 81, 129, 177, 196, 213, 216, 228, 247, 309, 333, 346, 349, 379, 473, 587, 594, 597, 600, 680, 721, 758, 768, 812, 841, 854, 928, 1014, 1034, 1058, 1090, 1096, 1115, 1122, 1145, 1224, 1229, 1238, 1416, 1476, 1483, 1501, 1506, 1551, 1645, 1662, 1712, 1723, 1801, 1831, 1836, 1855, 1864, 1886, 1936, 1942, 1980, 2050, 2064, 2095, 2141, 2190, 2279, 2332, 2342, 2359, 2452, 2456, 2482, 2491, 2520, 2547, 2652, 2727, 2776, 2789, 2898, 2926, 2930, 2975, 2998, 3016, 3103, 3109, 3120, 3158, 3201, 3259, 3370, 3381, 3396, 3414, 3475, 3506, 3547, 3581, 3602, 3606, 3749, 3752, 3774, 3800, 3809, 3852, 3891, 3900, 3952, 4021, 4091, 4098, 4298, 4306], "3": [51.53061224489796, 154, 493, 596, 705, 1144, 1186, 1502, 1576, 2313, 2460, 2965, 2978, 3192, 3333], "4": [34.068627450980394, 33, 77, 205, 632, 1050, 1206, 1236, 1881, 1935, 1983, 2093, 2319, 2350, 2355, 2823, 2945, 2948, 3024, 3072, 3554, 3562, 3626, 3913, 3921, 4017], "5": [165, 511, 1278, 1372, 1588, 1824, 1962, 2798, 3122, 3382, 3546], "6": [256, 347, 477, 483, 509, 512, 686, 749, 990, 1048, 1061, 1074, 1182, 1290, 1312, 1324, 1348, 1349, 1357, 1375, 1510, 1525, 1584, 1597, 1625, 1670, 1731, 1799, 1871, 1892, 1894, 1993, 2012, 2042, 2067, 2098, 2111, 2128, 2178, 2269, 2297, 2310, 2318, 2333, 2432, 2434, 2499, 2566, 2629, 2656, 2740, 3125, 3205, 3260, 3266, 3289, 3296, 3328, 3365, 3385, 3448, 3463, 3634, 3687, 3908, 3941, 3974, 4033, 4058, 4093, 4095, 4197, 4220, 4271, 4273], "7": [88, 114, 286, 305, 318, 450, 689, 702, 730, 751, 786, 882, 1055, 1131, 1216, 1295, 1297, 1376, 1444, 1482, 1544, 1777, 1951, 2013, 2121, 2229, 2345, 2351, 2444, 2650, 2658, 2829, 2936, 2950, 3050, 3388, 3403, 3416, 3522, 3716, 3731, 3839, 3868, 4038, 4137, 4147, 4272, 4275, 4297]}