{"0": [272.86036036036035, 249, 1084, 1212, 1256, 1383, 1507, 1608, 1839, 1933, 2194, 2781, 3212, 3383, 3566, 3584], "1": [176.5, 438, 818, 843, 1150, 1924, 2695, 3150, 3684, 4031], "2": [138.72549019607843, 16, 26, 39, 51, 62, 65, 81, 213, 333, 362, 376, 379, 413, 415, 417, 427, 502, 576, 594, 600, 637, 642, 650, 680, 685, 706, 720, 780, 790, 812, 817, 841, 855, 863, 885, 977, 1011, 1052, 1091, 1096, 1105, 1143, 1145, 1168, 1170, 1317, 1384, 1416, 1426, 1437, 1483, 1496, 1501, 1535, 1556, 1564, 1716, 1718, 1721, 1758, 1779, 1864, 1927, 1936, 1942, 1980, 2061, 2071, 2095, 2141, 2171, 2190, 2279, 2347, 2452, 2479, 2482, 2516, 2536, 2547, 2632, 2670, 2680, 2727, 2741, 2756, 2776, 2898, 2926, 2930, 2998, 3013, 3016, 3076, 3103, 3155, 3175, 3224, 3301, 3396, 3408, 3414, 3428, 3429, 3452, 3486, 3506, 3547, 3581, 3591, 3594, 3606, 3699, 3732, 3768, 3798, 3803, 3831, 3835, 3846, 3852, 3980, 4129, 4151, 4194, 4278, 4298, 4304], "3": [51.23906705539358, 154, 596, 705, 1186, 2313, 2460, 2965, 2978, 3192, 3333], "4": [33.700980392156865, 33, 77, 205, 1050, 1206, 1236, 1881, 1935, 1983, 2093, 2319, 2350, 2355, 2823, 2945, 2948, 3024, 3072, 3554, 3562, 3626, 3913, 3921, 4017]}