{"0": [272.4099099099099, 249, 1212, 1256, 1383, 1507, 1608, 1839, 1933, 2194, 2781, 3212, 3383, 3566, 3584], "1": [267.6470588235294, 1278, 1824, 1962, 2798, 3122, 3382, 3546], "2": [176.5, 438, 818, 843, 1150, 1924, 2695, 3150, 3684, 4031], "3": [142.82334384858044, 600, 909, 1019, 1148, 1483, 1611, 1817, 2395, 2405, 2501, 2584, 2779, 2842, 3414, 3950, 4033], "4": [48.75346260387812, 154, 596, 705, 1186, 1229, 2313, 2460, 2903, 2965, 3192, 3333], "5": [33, 77, 205, 1050, 1206, 1236, 1881, 1935, 1983, 2093, 2319, 2350, 2355, 2823, 2945, 2948, 3024, 3072, 3554, 3562, 3626, 3913, 3921, 4017], "6": [124, 204, 789, 839, 869, 905, 1304, 1404, 1421, 1481, 1702, 1752, 1803, 2315, 2424, 2535, 2884, 2905, 2928, 3095, 3181, 3219, 3232, 3309, 3523, 3615, 3649, 3672, 3793, 3845, 3925, 3932, 3990, 4016, 4123, 4145, 4225], "7": [14, 209, 320, 398, 475, 520, 561, 620, 633, 798, 956, 1134, 1223, 1303, 1371, 1446, 1500, 1697, 2056, 2120, 2137, 2283, 2325, 2401, 2835, 2849, 2983, 2994, 2999, 3018, 3055, 3119, 3360, 3397, 3399, 3474, 3485, 3521, 3601, 3633, 3695, 3789, 4007, 4232]}